{"cameraMode":{"drawMode":0,"name":"Shaded","section":"Shading Mode"},"sceneLighting":true,"audioPlay":false,"sceneViewState":{"showFog":true,"showMaterialUpdate":false,"showSkybox":true,"showFlares":true,"showImageEffects":true,"showParticleSystems":true},"in2DMode":false,"pivot":{"x":57.689579010009769,"y":-3.635101556777954,"z":11.020345687866211},"rotation":{"x":0.20592381060123444,"y":0.09960494190454483,"z":-0.021171441301703454,"w":0.97333824634552},"size":58.68989944458008,"orthographic":false}